agency_id,route_short_name,route_long_name,route_desc,route_uri,route_color,route_text_color
CRTM,1,CRISTO REY-PROSPERIDAD,,http://www.crtm.es/tu-transporte-publico/autobuses-emt/lineas/6__1___.aspx,0178BC,FFFFFF
CRTM,2,MANUEL BECERRA-REINA VICTORIA,,http://www.crtm.es/tu-transporte-publico/autobuses-emt/lineas/6__2_A__.aspx,0178BC,FFFFFF
CRTM,3,PUERTA TOLEDO-SAN AMARO,,http://www.crtm.es/tu-transporte-publico/autobuses-emt/lineas/6__3___.aspx,0178BC,FFFFFF
CRTM,4,CIUDAD LINEAL-PUERTA ARGANDA,,http://www.crtm.es/tu-transporte-publico/autobuses-emt/lineas/6__4___.aspx,0178BC,FFFFFF
CRTM,5,SOL/SEVILLA-CHAMARTIN,,http://www.crtm.es/tu-transporte-publico/autobuses-emt/lineas/6__5___.aspx,0178BC,FFFFFF
CRTM,6,BENAVENTE-ORCASITAS,,http://www.crtm.es/tu-transporte-publico/autobuses-emt/lineas/6__6___.aspx,0178BC,FFFFFF
CRTM,7,ALONSO MARTINEZ-MANOTERAS,,http://www.crtm.es/tu-transporte-publico/autobuses-emt/lineas/6__7___.aspx,0178BC,FFFFFF
CRTM,8,LEGAZPI-VALDEBERNARDO,,http://www.crtm.es/tu-transporte-publico/autobuses-emt/lineas/6__8___.aspx,0178BC,FFFFFF
CRTM,9,SEVILLA-HORTALEZA,,http://www.crtm.es/tu-transporte-publico/autobuses-emt/lineas/6__9___.aspx,0178BC,FFFFFF
CRTM,10,CIBELES-PALOMERAS,,http://www.crtm.es/tu-transporte-publico/autobuses-emt/lineas/6__10_A__.aspx,0178BC,FFFFFF
CRTM,11,MARQUES DE VIANA-BARRIO BLANCO,,http://www.crtm.es/tu-transporte-publico/autobuses-emt/lineas/6__11___.aspx,0178BC,FFFFFF
CRTM,12,CRISTO REY-MARQUES DE ZAFRA,,http://www.crtm.es/tu-transporte-publico/autobuses-emt/lineas/6__12___.aspx,0178BC,FFFFFF
CRTM,14,CONDE DE CASAL-PIO XII,,http://www.crtm.es/tu-transporte-publico/autobuses-emt/lineas/6__14___.aspx,0178BC,FFFFFF
CRTM,15,SOL/SEVILLA-LA ELIPA,,http://www.crtm.es/tu-transporte-publico/autobuses-emt/lineas/6__15___.aspx,0178BC,FFFFFF
CRTM,16,MONCLOA-PIO XII,,http://www.crtm.es/tu-transporte-publico/autobuses-emt/lineas/6__16___.aspx,0178BC,FFFFFF
CRTM,17,PLAZA MAYOR-PARQUE EUROPA,,http://www.crtm.es/tu-transporte-publico/autobuses-emt/lineas/6__17___.aspx,0178BC,FFFFFF
CRTM,18,PLAZA MAYOR-VILLAVERDE CRUCE,,http://www.crtm.es/tu-transporte-publico/autobuses-emt/lineas/6__18___.aspx,0178BC,FFFFFF
CRTM,19,PLAZA CATALUÑA-LEGAZPI,,http://www.crtm.es/tu-transporte-publico/autobuses-emt/lineas/6__19___.aspx,0178BC,FFFFFF
CRTM,20,SOL/SEVILLA-PAVONES,,http://www.crtm.es/tu-transporte-publico/autobuses-emt/lineas/6__20___.aspx,0178BC,FFFFFF
CRTM,21,PINTOR ROSALES-EL SALVADOR,,http://www.crtm.es/tu-transporte-publico/autobuses-emt/lineas/6__21___.aspx,0178BC,FFFFFF
CRTM,22,LEGAZPI-VILLAVERDE ALTO,,http://www.crtm.es/tu-transporte-publico/autobuses-emt/lineas/6__22___.aspx,0178BC,FFFFFF
CRTM,23,PLAZA MAYOR-VILLAVERDE CRUCE,,http://www.crtm.es/tu-transporte-publico/autobuses-emt/lineas/6__23_A__.aspx,0178BC,FFFFFF
CRTM,24,ATOCHA RENFE-EL POZO,,http://www.crtm.es/tu-transporte-publico/autobuses-emt/lineas/6__24___.aspx,0178BC,FFFFFF
CRTM,25,PLAZA ESPAÑA-CASA DE CAMPO,,http://www.crtm.es/tu-transporte-publico/autobuses-emt/lineas/6__25___.aspx,0178BC,FFFFFF
CRTM,26,TIRSO DE MOLINA-DIEGO DE LEON,,http://www.crtm.es/tu-transporte-publico/autobuses-emt/lineas/6__26___.aspx,0178BC,FFFFFF
CRTM,27,EMBAJADORES-PLAZA CASTILLA,,http://www.crtm.es/tu-transporte-publico/autobuses-emt/lineas/6__27___.aspx,0178BC,FFFFFF
CRTM,28,PUERTA ALCALA-Bº CANILLEJAS,,http://www.crtm.es/tu-transporte-publico/autobuses-emt/lineas/6__28_A__.aspx,0178BC,FFFFFF
CRTM,29,FELIPE II-MANOTERAS,,http://www.crtm.es/tu-transporte-publico/autobuses-emt/lineas/6__29___.aspx,0178BC,FFFFFF
CRTM,30,FELIPE II-PAVONES,,http://www.crtm.es/tu-transporte-publico/autobuses-emt/lineas/6__30___.aspx,0178BC,FFFFFF
CRTM,31,PLAZA MAYOR-ALUCHE,,http://www.crtm.es/tu-transporte-publico/autobuses-emt/lineas/6__31___.aspx,0178BC,FFFFFF
CRTM,32,BENAVENTE-PAVONES,,http://www.crtm.es/tu-transporte-publico/autobuses-emt/lineas/6__32___.aspx,0178BC,FFFFFF
CRTM,33,PRINCIPE PIO-CASA DE CAMPO,,http://www.crtm.es/tu-transporte-publico/autobuses-emt/lineas/6__33___.aspx,0178BC,FFFFFF
CRTM,34,CIBELES-LAS AGUILAS,,http://www.crtm.es/tu-transporte-publico/autobuses-emt/lineas/6__34___.aspx,0178BC,FFFFFF
CRTM,35,PLAZA MAYOR-CARABANCHEL ALTO,,http://www.crtm.es/tu-transporte-publico/autobuses-emt/lineas/6__35___.aspx,0178BC,FFFFFF
CRTM,36,ATOCHA-CAMPAMENTO,,http://www.crtm.es/tu-transporte-publico/autobuses-emt/lineas/6__36___.aspx,0178BC,FFFFFF
CRTM,37,CUATRO CAMINOS-PUENTE VALLECAS,,http://www.crtm.es/tu-transporte-publico/autobuses-emt/lineas/6__37___.aspx,0178BC,FFFFFF
CRTM,38,MANUEL BECERRA-LAS ROSAS,,http://www.crtm.es/tu-transporte-publico/autobuses-emt/lineas/6__38___.aspx,0178BC,FFFFFF
CRTM,39,PLAZA ESPAÑA-SAN IGNACIO,,http://www.crtm.es/tu-transporte-publico/autobuses-emt/lineas/6__39___.aspx,0178BC,FFFFFF
CRTM,40,TRIBUNAL-ALFONSO XIII,,http://www.crtm.es/tu-transporte-publico/autobuses-emt/lineas/6__40___.aspx,0178BC,FFFFFF
CRTM,41,ATOCHA-COLONIA MANZANARES,,http://www.crtm.es/tu-transporte-publico/autobuses-emt/lineas/6__41___.aspx,0178BC,FFFFFF
CRTM,42,PLAZA CASTILLA-Bº PEÑAGRANDE,,http://www.crtm.es/tu-transporte-publico/autobuses-emt/lineas/6__42___.aspx,0178BC,FFFFFF
CRTM,43,FELIPE II-ESTRECHO,,http://www.crtm.es/tu-transporte-publico/autobuses-emt/lineas/6__43___.aspx,0178BC,FFFFFF
CRTM,44,CALLAO-MARQUES DE VIANA,,http://www.crtm.es/tu-transporte-publico/autobuses-emt/lineas/6__44___.aspx,0178BC,FFFFFF
CRTM,45,LEGAZPI-REINA VICTORIA,,http://www.crtm.es/tu-transporte-publico/autobuses-emt/lineas/6__45___.aspx,0178BC,FFFFFF
CRTM,46,SEVILLA-MONCLOA,,http://www.crtm.es/tu-transporte-publico/autobuses-emt/lineas/6__46___.aspx,0178BC,FFFFFF
CRTM,47,ATOCHA-CARABANCHEL ALTO,,http://www.crtm.es/tu-transporte-publico/autobuses-emt/lineas/6__47_A__.aspx,0178BC,FFFFFF
CRTM,48,MANUEL BECERRA-Bº CANILLEJAS,,http://www.crtm.es/tu-transporte-publico/autobuses-emt/lineas/6__48___.aspx,0178BC,FFFFFF
CRTM,49,PLAZA CASTILLA-PITIS,,http://www.crtm.es/tu-transporte-publico/autobuses-emt/lineas/6__49___.aspx,0178BC,FFFFFF
CRTM,50,PLAZA MAYOR-AVENIDA MANZANARES,,http://www.crtm.es/tu-transporte-publico/autobuses-emt/lineas/6__50___.aspx,0178BC,FFFFFF
CRTM,51,SOL-PLAZA PERU,,http://www.crtm.es/tu-transporte-publico/autobuses-emt/lineas/6__51___.aspx,0178BC,FFFFFF
CRTM,52,SOL/SEVILLA-SANTAMARCA,,http://www.crtm.es/tu-transporte-publico/autobuses-emt/lineas/6__52___.aspx,0178BC,FFFFFF
CRTM,53,SOL/SEVILLA-ARTURO SORIA,,http://www.crtm.es/tu-transporte-publico/autobuses-emt/lineas/6__53___.aspx,0178BC,FFFFFF
CRTM,54,ATOCHA RENFE-CONGOSTO,,http://www.crtm.es/tu-transporte-publico/autobuses-emt/lineas/6__54___.aspx,0178BC,FFFFFF
CRTM,55,ATOCHA-BATAN,,http://www.crtm.es/tu-transporte-publico/autobuses-emt/lineas/6__55___.aspx,0178BC,FFFFFF
CRTM,56,DIEGO DE LEON-PUENTE VALLECAS,,http://www.crtm.es/tu-transporte-publico/autobuses-emt/lineas/6__56___.aspx,0178BC,FFFFFF
CRTM,57,ATOCHA RENFE-ALTO DEL ARENAL,,http://www.crtm.es/tu-transporte-publico/autobuses-emt/lineas/6__057___.aspx,0178BC,FFFFFF
CRTM,58,PUENTE VALLECAS-SANTA EUGENIA,,http://www.crtm.es/tu-transporte-publico/autobuses-emt/lineas/6__58_A__.aspx,0178BC,FFFFFF
CRTM,59,ATOCHA RENFE-SAN CRISTOBAL,,http://www.crtm.es/tu-transporte-publico/autobuses-emt/lineas/6__59___.aspx,0178BC,FFFFFF
CRTM,60,PLAZA CEBADA-ORCASITAS,,http://www.crtm.es/tu-transporte-publico/autobuses-emt/lineas/6__60___.aspx,0178BC,FFFFFF
CRTM,61,MONCLOA-NARVAEZ,,http://www.crtm.es/tu-transporte-publico/autobuses-emt/lineas/6__61___.aspx,0178BC,FFFFFF
CRTM,62,CRISTO REY-LOS PUERTOS,,http://www.crtm.es/tu-transporte-publico/autobuses-emt/lineas/6__62___.aspx,0178BC,FFFFFF
CRTM,63,FELIPE II-SANTA EUGENIA,,http://www.crtm.es/tu-transporte-publico/autobuses-emt/lineas/6__63___.aspx,0178BC,FFFFFF
CRTM,64,CUATRO CAMINOS-PITIS,,http://www.crtm.es/tu-transporte-publico/autobuses-emt/lineas/6__64___.aspx,0178BC,FFFFFF
CRTM,65,BENAVENTE-GRAN CAPITAN,,http://www.crtm.es/tu-transporte-publico/autobuses-emt/lineas/6__65___.aspx,0178BC,FFFFFF
CRTM,66,CUATRO CAMINOS-FUENCARRAL,,http://www.crtm.es/tu-transporte-publico/autobuses-emt/lineas/6__66___.aspx,0178BC,FFFFFF
CRTM,67,PLAZA CASTILLA-Bº PEÑAGRANDE,,http://www.crtm.es/tu-transporte-publico/autobuses-emt/lineas/6__67___.aspx,0178BC,FFFFFF
CRTM,70,PLAZA CASTILLA-ALSACIA,,http://www.crtm.es/tu-transporte-publico/autobuses-emt/lineas/6__70___.aspx,0178BC,FFFFFF
CRTM,71,MANUEL BECERRA-PUERTA ARGANDA,,http://www.crtm.es/tu-transporte-publico/autobuses-emt/lineas/6__71___.aspx,0178BC,FFFFFF
CRTM,72,DIEGO DE LEON-HORTALEZA,,http://www.crtm.es/tu-transporte-publico/autobuses-emt/lineas/6__72___.aspx,0178BC,FFFFFF
CRTM,73,DIEGO DE LEON-FERIA DE MADRID,,http://www.crtm.es/tu-transporte-publico/autobuses-emt/lineas/6__73___.aspx,0178BC,FFFFFF
CRTM,74,PINTOR ROSALES-PARQUE AVENIDAS,,http://www.crtm.es/tu-transporte-publico/autobuses-emt/lineas/6__74___.aspx,0178BC,FFFFFF
CRTM,75,CALLAO-COLONIA MANZANARES,,http://www.crtm.es/tu-transporte-publico/autobuses-emt/lineas/6__75___.aspx,0178BC,FFFFFF
CRTM,76,PLAZA BEATA-VILLAVERDE ALTO,,http://www.crtm.es/tu-transporte-publico/autobuses-emt/lineas/6__76___.aspx,0178BC,FFFFFF
CRTM,77,CIUDAD LINEAL-FIN DE SEMANA,,http://www.crtm.es/tu-transporte-publico/autobuses-emt/lineas/6__77___.aspx,0178BC,FFFFFF
CRTM,78,EMBAJADORES-SAN FERMIN,,http://www.crtm.es/tu-transporte-publico/autobuses-emt/lineas/6__78___.aspx,0178BC,FFFFFF
CRTM,79,LEGAZPI-VILLAVERDE ALTO,,http://www.crtm.es/tu-transporte-publico/autobuses-emt/lineas/6__79___.aspx,0178BC,FFFFFF
CRTM,81,OPORTO-HOSPITAL 12 OCTUBRE,,http://www.crtm.es/tu-transporte-publico/autobuses-emt/lineas/6__81___.aspx,0178BC,FFFFFF
CRTM,82,MONCLOA-PITIS,,http://www.crtm.es/tu-transporte-publico/autobuses-emt/lineas/6__82_A__.aspx,0178BC,FFFFFF
CRTM,83,MONCLOA-BARRIO DEL PILAR,,http://www.crtm.es/tu-transporte-publico/autobuses-emt/lineas/6__83___.aspx,0178BC,FFFFFF
CRTM,85,ATOCHA RENFE-BUTARQUE,,http://www.crtm.es/tu-transporte-publico/autobuses-emt/lineas/6__85___.aspx,0178BC,FFFFFF
CRTM,86,ATOCHA RENFE-VILLAVERDE ALTO,,http://www.crtm.es/tu-transporte-publico/autobuses-emt/lineas/6__86___.aspx,0178BC,FFFFFF
CRTM,87,REP.DOMINICANA-LAS CARCAVAS,,http://www.crtm.es/tu-transporte-publico/autobuses-emt/lineas/6__87___.aspx,0178BC,FFFFFF
CRTM,100,MORATALAZ-VALDERRIVAS,,http://www.crtm.es/tu-transporte-publico/autobuses-emt/lineas/6__100___.aspx,0178BC,FFFFFF
CRTM,101,CANILLEJAS-BARAJAS,,http://www.crtm.es/tu-transporte-publico/autobuses-emt/lineas/6__101___.aspx,0178BC,FFFFFF
CRTM,102,ATOCHA RENFE-ESTACION EL POZO,,http://www.crtm.es/tu-transporte-publico/autobuses-emt/lineas/6__102___.aspx,0178BC,FFFFFF
CRTM,103,ESTACION EL POZO-ECOBULEVAR,,http://www.crtm.es/tu-transporte-publico/autobuses-emt/lineas/6__103___.aspx,0178BC,FFFFFF
CRTM,104,CIUDAD LINEAL-MAR DE CRISTAL,,http://www.crtm.es/tu-transporte-publico/autobuses-emt/lineas/6__104___.aspx,0178BC,FFFFFF
CRTM,105,CIUDAD LINEAL-BARAJAS,,http://www.crtm.es/tu-transporte-publico/autobuses-emt/lineas/6__105___.aspx,0178BC,FFFFFF
CRTM,106,MANUEL BECERRA-VICALVARO,,http://www.crtm.es/tu-transporte-publico/autobuses-emt/lineas/6__106___.aspx,0178BC,FFFFFF
CRTM,107,PLAZA CASTILLA-HORTALEZA,,http://www.crtm.es/tu-transporte-publico/autobuses-emt/lineas/6__107___.aspx,0178BC,FFFFFF
CRTM,108,OPORTO-CEMENTERIO CARABANCHEL,,http://www.crtm.es/tu-transporte-publico/autobuses-emt/lineas/6__108___.aspx,0178BC,FFFFFF
CRTM,109,CIUDAD LINEAL-CASTILLO UCLES,,http://www.crtm.es/tu-transporte-publico/autobuses-emt/lineas/6__109___.aspx,0178BC,FFFFFF
CRTM,110,MANUEL BECERRA-CMTº ALMUDENA,,http://www.crtm.es/tu-transporte-publico/autobuses-emt/lineas/6__110_A__.aspx,0178BC,FFFFFF
CRTM,111,PUENTE VALLECAS-ENTREVIAS,,http://www.crtm.es/tu-transporte-publico/autobuses-emt/lineas/6__111___.aspx,0178BC,FFFFFF
CRTM,112,MAR CRISTAL-BARRIO AEROPUERTO,,http://www.crtm.es/tu-transporte-publico/autobuses-emt/lineas/6__112___.aspx,0178BC,FFFFFF
CRTM,113,MENDEZ ALVARO-CIUDAD LINEAL,,http://www.crtm.es/tu-transporte-publico/autobuses-emt/lineas/6__113___.aspx,0178BC,FFFFFF
CRTM,114,AVENIDA AMERICA-Bº AEROPUERTO,,http://www.crtm.es/tu-transporte-publico/autobuses-emt/lineas/6__114___.aspx,0178BC,FFFFFF
CRTM,115,AVENIDA AMERICA-BARAJAS,,http://www.crtm.es/tu-transporte-publico/autobuses-emt/lineas/6__115___.aspx,0178BC,FFFFFF
CRTM,116,EMBAJADORES-VILLAVERDE CRUCE,,http://www.crtm.es/tu-transporte-publico/autobuses-emt/lineas/6__116___.aspx,0178BC,FFFFFF
CRTM,118,EMBAJADORES-LA PESETA,,http://www.crtm.es/tu-transporte-publico/autobuses-emt/lineas/6__118___.aspx,0178BC,FFFFFF
CRTM,119,ATOCHA-BARRIO GOYA,,http://www.crtm.es/tu-transporte-publico/autobuses-emt/lineas/6__119___.aspx,0178BC,FFFFFF
CRTM,120,PLAZA LIMA-HORTALEZA,,http://www.crtm.es/tu-transporte-publico/autobuses-emt/lineas/6__120___.aspx,0178BC,FFFFFF
CRTM,121,CAMPAMENTO-HOSPITAL 12 OCTUBRE,,http://www.crtm.es/tu-transporte-publico/autobuses-emt/lineas/6__121___.aspx,0178BC,FFFFFF
CRTM,122,AVENIDA AMERICA-FERIA MADRID,,http://www.crtm.es/tu-transporte-publico/autobuses-emt/lineas/6__122___.aspx,0178BC,FFFFFF
CRTM,123,LEGAZPI-BUTARQUE,,http://www.crtm.es/tu-transporte-publico/autobuses-emt/lineas/6__123___.aspx,0178BC,FFFFFF
CRTM,124,CUATRO CAMINOS-LACOMA,,http://www.crtm.es/tu-transporte-publico/autobuses-emt/lineas/6__124___.aspx,0178BC,FFFFFF
CRTM,125,MAR CRISTAL-H.RAMON Y CAJAL,,http://www.crtm.es/tu-transporte-publico/autobuses-emt/lineas/6__125___.aspx,0178BC,FFFFFF
CRTM,126,N.MINISTERIOS-BARRIO DEL PILAR,,http://www.crtm.es/tu-transporte-publico/autobuses-emt/lineas/6__126___.aspx,0178BC,FFFFFF
CRTM,127,CUATRO CAMINOS-C. PERIODISTAS,,http://www.crtm.es/tu-transporte-publico/autobuses-emt/lineas/6__127___.aspx,0178BC,FFFFFF
CRTM,128,C. CAMINOS-BARRIO DEL PILAR,,http://www.crtm.es/tu-transporte-publico/autobuses-emt/lineas/6__128___.aspx,0178BC,FFFFFF
CRTM,129,PLAZA CASTILLA-MANOTERAS,,http://www.crtm.es/tu-transporte-publico/autobuses-emt/lineas/6__129_A__.aspx,0178BC,FFFFFF
CRTM,130,VILLAVERDE ALTO-VICALVARO,,http://www.crtm.es/tu-transporte-publico/autobuses-emt/lineas/6__130___.aspx,0178BC,FFFFFF
CRTM,131,CAMPAMENTO-VILLAVERDE ALTO,,http://www.crtm.es/tu-transporte-publico/autobuses-emt/lineas/6__131_A__.aspx,0178BC,FFFFFF
CRTM,132,MONCLOA-HOSPITAL LA PAZ,,http://www.crtm.es/tu-transporte-publico/autobuses-emt/lineas/6__132___.aspx,0178BC,FFFFFF
CRTM,133,CALLAO-MIRASIERRA,,http://www.crtm.es/tu-transporte-publico/autobuses-emt/lineas/6__133___.aspx,0178BC,FFFFFF
CRTM,134,PLAZA CASTILLA-MONTECARMELO,,http://www.crtm.es/tu-transporte-publico/autobuses-emt/lineas/6__134___.aspx,0178BC,FFFFFF
CRTM,135,PLAZA CASTILLA-H.RAMON Y CAJAL,,http://www.crtm.es/tu-transporte-publico/autobuses-emt/lineas/6__135___.aspx,0178BC,FFFFFF
CRTM,136,PACIFICO-MADRID SUR,,http://www.crtm.es/tu-transporte-publico/autobuses-emt/lineas/6__136___.aspx,0178BC,FFFFFF
CRTM,137,PUERTA HIERRO-FUENCARRAL,,http://www.crtm.es/tu-transporte-publico/autobuses-emt/lineas/6__137___.aspx,0178BC,FFFFFF
CRTM,138,CRISTO REY-SAN IGNACIO,,http://www.crtm.es/tu-transporte-publico/autobuses-emt/lineas/6__138___.aspx,0178BC,FFFFFF
CRTM,139,D.PRINCIPE-CARABANCHEL ALTO,,http://www.crtm.es/tu-transporte-publico/autobuses-emt/lineas/6__139___.aspx,0178BC,FFFFFF
CRTM,140,PAVONES-CANILLEJAS,,http://www.crtm.es/tu-transporte-publico/autobuses-emt/lineas/6__140___.aspx,0178BC,FFFFFF
CRTM,141,ATOCHA RENFE-BUENOS AIRES,,http://www.crtm.es/tu-transporte-publico/autobuses-emt/lineas/6__141___.aspx,0178BC,FFFFFF
CRTM,142,PAVONES-ENSANCHE VALLECAS,,http://www.crtm.es/tu-transporte-publico/autobuses-emt/lineas/6__142___.aspx,0178BC,FFFFFF
CRTM,143,MANUEL BECERRA-VILLA VALLECAS,,http://www.crtm.es/tu-transporte-publico/autobuses-emt/lineas/6__143___.aspx,0178BC,FFFFFF
CRTM,144,PAVONES-ENTREVIAS,,http://www.crtm.es/tu-transporte-publico/autobuses-emt/lineas/6__144___.aspx,0178BC,FFFFFF
CRTM,145,CONDE CASAL-ENSANCHE VALLECAS,,http://www.crtm.es/tu-transporte-publico/autobuses-emt/lineas/6__145___.aspx,0178BC,FFFFFF
CRTM,146,CALLAO-LOS MOLINOS,,http://www.crtm.es/tu-transporte-publico/autobuses-emt/lineas/6__146___.aspx,0178BC,FFFFFF
CRTM,147,CALLAO-BARRIO DEL PILAR,,http://www.crtm.es/tu-transporte-publico/autobuses-emt/lineas/6__147___.aspx,0178BC,FFFFFF
CRTM,148,CALLAO-PUENTE VALLECAS,,http://www.crtm.es/tu-transporte-publico/autobuses-emt/lineas/6__148___.aspx,0178BC,FFFFFF
CRTM,149,TRIBUNAL-PLAZA CASTILLA,,http://www.crtm.es/tu-transporte-publico/autobuses-emt/lineas/6__149___.aspx,0178BC,FFFFFF
CRTM,150,SOL/SEVILLA-VIRGEN CORTIJO,,http://www.crtm.es/tu-transporte-publico/autobuses-emt/lineas/6__150___.aspx,0178BC,FFFFFF
CRTM,151,CANILLEJAS-BARAJAS,,http://www.crtm.es/tu-transporte-publico/autobuses-emt/lineas/6__151___.aspx,0178BC,FFFFFF
CRTM,152,FELIPE II-MENDEZ ALVARO,,http://www.crtm.es/tu-transporte-publico/autobuses-emt/lineas/6__152___.aspx,0178BC,FFFFFF
CRTM,153,LAS ROSAS-MAR DE CRISTAL,,http://www.crtm.es/tu-transporte-publico/autobuses-emt/lineas/6__153___.aspx,0178BC,FFFFFF
CRTM,155,PLAZA ELIPTICA-ALUCHE,,http://www.crtm.es/tu-transporte-publico/autobuses-emt/lineas/6__155___.aspx,0178BC,FFFFFF
CRTM,156,MANUEL BECERRA-LEGAZPI,,http://www.crtm.es/tu-transporte-publico/autobuses-emt/lineas/6__156___.aspx,0178BC,FFFFFF
CRTM,160,MONCLOA-ARAVACA,,http://www.crtm.es/tu-transporte-publico/autobuses-emt/lineas/6__160___.aspx,0178BC,FFFFFF
CRTM,161,MONCLOA-ARAVACA SUR,,http://www.crtm.es/tu-transporte-publico/autobuses-emt/lineas/6__161___.aspx,0178BC,FFFFFF
CRTM,162,MONCLOA-EL BARRIAL,,http://www.crtm.es/tu-transporte-publico/autobuses-emt/lineas/6__162___.aspx,0178BC,FFFFFF
CRTM,163,ARAVACA-EL PLANTIO,,http://www.crtm.es/tu-transporte-publico/autobuses-emt/lineas/.aspx,0178BC,FFFFFF
CRTM,165,ALSACIA-HOSPITAL RAMON Y CAJAL,,http://www.crtm.es/tu-transporte-publico/autobuses-emt/lineas/6__165___.aspx,0178BC,FFFFFF
CRTM,166,BARAJAS-HOSPITAL RAMON Y CAJAL,,http://www.crtm.es/tu-transporte-publico/autobuses-emt/lineas/6__166___.aspx,0178BC,FFFFFF
CRTM,171,MAR DE CRISTAL-VALDEBEBAS,,http://www.crtm.es/tu-transporte-publico/autobuses-emt/lineas/6__171___.aspx,0178BC,FFFFFF
CRTM,172,MAR DE CRISTAL-TELEFONICA,,http://www.crtm.es/tu-transporte-publico/autobuses-emt/lineas/6__172___.aspx,0178BC,FFFFFF
CRTM,173,PLAZA CASTILLA-SANCHINARRO,,http://www.crtm.es/tu-transporte-publico/autobuses-emt/lineas/6__173___.aspx,0178BC,FFFFFF
CRTM,174,PLAZA CASTILLA-VALDEBEBAS,,http://www.crtm.es/tu-transporte-publico/autobuses-emt/lineas/6__174___.aspx,0178BC,FFFFFF
CRTM,175,PZA.CASTILLA-LAS TABLAS NORTE,,http://www.crtm.es/tu-transporte-publico/autobuses-emt/lineas/6__175___.aspx,0178BC,FFFFFF
CRTM,176,PLAZA CASTILLA-LAS TABLAS SUR,,http://www.crtm.es/tu-transporte-publico/autobuses-emt/lineas/6__176___.aspx,0178BC,FFFFFF
CRTM,177,PLAZA CASTILLA-MQUES.DE VIANA,,http://www.crtm.es/tu-transporte-publico/autobuses-emt/lineas/6__177___.aspx,0178BC,FFFFFF
CRTM,178,PLAZA CASTILLA-MONTECARMELO,,http://www.crtm.es/tu-transporte-publico/autobuses-emt/lineas/6__178___.aspx,0178BC,FFFFFF
CRTM,180,LEGAZPI-CAJA MAGICA,,http://www.crtm.es/tu-transporte-publico/autobuses-emt/lineas/6__180___.aspx,0178BC,FFFFFF
CRTM,200,AVENIDA AMERICA-AEROPUERTO,,http://www.crtm.es/tu-transporte-publico/autobuses-emt/lineas/6__200___.aspx,0178BC,FFFFFF
CRTM,203,ATOCHA RENFE-AEROPUERTO,,http://www.crtm.es/tu-transporte-publico/autobuses-emt/lineas/6__203___.aspx,0178BC,FFFFFF
CRTM,210,DIEGO DE LEON-LA ELIPA,,http://www.crtm.es/tu-transporte-publico/autobuses-emt/lineas/6__110_B__.aspx,0178BC,FFFFFF
CRTM,215,FELIPE II-PARQUE ROMA,,http://www.crtm.es/tu-transporte-publico/autobuses-emt/lineas/6__215___.aspx,0178BC,FFFFFF
CRTM,247,ATOCHA-SAN JOSE OBRERO,,http://www.crtm.es/tu-transporte-publico/autobuses-emt/lineas/6__47_B__.aspx,0178BC,FFFFFF
CRTM,310,PACIFICO-ESTACION EL POZO,,http://www.crtm.es/tu-transporte-publico/autobuses-emt/lineas/6__10_B__.aspx,0178BC,FFFFFF
CRTM,A,MONCLOSOMOSAGUAS,,http://www.crtm.es/tu-transporte-publico/autobuses-emt/lineas/6__93___.aspx,0178BC,FFFFFF
CRTM,C1,CIRCULAR 1,,http://www.crtm.es/tu-transporte-publico/autobuses-emt/lineas/6__68___.aspx,0178BC,FFFFFF
CRTM,C2,CIRCULAR 2,,http://www.crtm.es/tu-transporte-publico/autobuses-emt/lineas/6__69___.aspx,0178BC,FFFFFF
CRTM,E,CONDE CASAL-SIERRA GUADALUPE,,http://www.crtm.es/tu-transporte-publico/autobuses-emt/lineas/6__90___.aspx,0178BC,FFFFFF
CRTM,E1,CIBELES-LA PESETA,,http://www.crtm.es/tu-transporte-publico/autobuses-emt/lineas/6__401___.aspx,0178BC,FFFFFF
CRTM,E2,FELIPE II-LAS ROSAS,,http://www.crtm.es/tu-transporte-publico/autobuses-emt/lineas/6__402___.aspx,0178BC,FFFFFF
CRTM,E3,FELIPE II-VALDERRIVAS,,http://www.crtm.es/tu-transporte-publico/autobuses-emt/lineas/6__403___.aspx,0178BC,FFFFFF
CRTM,E4,FELIPE II-VALDEBERNARDO,,http://www.crtm.es/tu-transporte-publico/autobuses-emt/lineas/6__404___.aspx,0178BC,FFFFFF
CRTM,F,CUATRO CAMINOS-C.UNIVERSITARIA,,http://www.crtm.es/tu-transporte-publico/autobuses-emt/lineas/6__91___.aspx,0178BC,FFFFFF
CRTM,G,MONCLOA-CIUDAD UNIVERSITARIA,,http://www.crtm.es/tu-transporte-publico/autobuses-emt/lineas/6__92___.aspx,0178BC,FFFFFF
CRTM,H,ALUCHE-SOMOSAGUAS,,http://www.crtm.es/tu-transporte-publico/autobuses-emt/lineas/6__96___.aspx,0178BC,FFFFFF
CRTM,H1,SIERRA GUADALUPE-H.I.LEONOR,,http://www.crtm.es/tu-transporte-publico/autobuses-emt/lineas/6__481___.aspx,0178BC,FFFFFF
CRTM,M1,SOL/SEVILLA-EMBAJADORES,,http://www.crtm.es/tu-transporte-publico/autobuses-emt/lineas/6__601___.aspx,0178BC,FFFFFF
CRTM,M2,SEVILLA-ARGÜELLES,,http://www.crtm.es/tu-transporte-publico/autobuses-emt/lineas/6__602___.aspx,0178BC,FFFFFF
CRTM,N1,CIBELES-SANCHINARRO,,http://www.crtm.es/tu-transporte-publico/autobuses-emt/lineas/6_N_501___.aspx,0178BC,FFFFFF
CRTM,N2,CIBELES-VALDEBEBAS,,http://www.crtm.es/tu-transporte-publico/autobuses-emt/lineas/6_N_502___.aspx,0178BC,FFFFFF
CRTM,N3,CIBELES-CANILLAS,,http://www.crtm.es/tu-transporte-publico/autobuses-emt/lineas/6_N_503___.aspx,0178BC,FFFFFF
CRTM,N4,CIBELES-BARAJAS,,http://www.crtm.es/tu-transporte-publico/autobuses-emt/lineas/6_N_504___.aspx,0178BC,FFFFFF
CRTM,N5,CIBELES-FIN DE SEMANA,,http://www.crtm.es/tu-transporte-publico/autobuses-emt/lineas/6_N_505___.aspx,0178BC,FFFFFF
CRTM,N6,CIBELES-LAS ROSAS,,http://www.crtm.es/tu-transporte-publico/autobuses-emt/lineas/6_N_506___.aspx,0178BC,FFFFFF
CRTM,N7,CIBELES-VALDERRIVAS,,http://www.crtm.es/tu-transporte-publico/autobuses-emt/lineas/6_N_507___.aspx,0178BC,FFFFFF
CRTM,N8,CIBELES-VALDEBERNARDO,,http://www.crtm.es/tu-transporte-publico/autobuses-emt/lineas/6_N_508___.aspx,0178BC,FFFFFF
CRTM,N9,CIBELES-ENSANCHE VALLECAS,,http://www.crtm.es/tu-transporte-publico/autobuses-emt/lineas/6_N_509___.aspx,0178BC,FFFFFF
CRTM,N10,CIBELES-PALOMERAS,,http://www.crtm.es/tu-transporte-publico/autobuses-emt/lineas/6_N_510___.aspx,0178BC,FFFFFF
CRTM,N11,CIBELES-MADRID SUR,,http://www.crtm.es/tu-transporte-publico/autobuses-emt/lineas/6_N_511___.aspx,0178BC,FFFFFF
CRTM,N12,CIBELES-BUTARQUE,,http://www.crtm.es/tu-transporte-publico/autobuses-emt/lineas/6_N_512___.aspx,0178BC,FFFFFF
CRTM,N13,CIBELES-SAN CRISTOBAL,,http://www.crtm.es/tu-transporte-publico/autobuses-emt/lineas/6_N_513___.aspx,0178BC,FFFFFF
CRTM,N14,CIBELES-VILLAVERDE ALTO,,http://www.crtm.es/tu-transporte-publico/autobuses-emt/lineas/6_N_514___.aspx,0178BC,FFFFFF
CRTM,N15,CIBELES-ORCASUR,,http://www.crtm.es/tu-transporte-publico/autobuses-emt/lineas/6_N_515___.aspx,0178BC,FFFFFF
CRTM,N16,CIBELES-LA PESETA,,http://www.crtm.es/tu-transporte-publico/autobuses-emt/lineas/6_N_516___.aspx,0178BC,FFFFFF
CRTM,N17,CIBELES-CARABANCHEL ALTO,,http://www.crtm.es/tu-transporte-publico/autobuses-emt/lineas/6_N_517___.aspx,0178BC,FFFFFF
CRTM,N18,CIBELES-ALUCHE,,http://www.crtm.es/tu-transporte-publico/autobuses-emt/lineas/6_N_518___.aspx,0178BC,FFFFFF
CRTM,N19,CIBELES-SAN IGNACIO,,http://www.crtm.es/tu-transporte-publico/autobuses-emt/lineas/6_N_519___.aspx,0178BC,FFFFFF
CRTM,N20,CIBELES-PITIS,,http://www.crtm.es/tu-transporte-publico/autobuses-emt/lineas/6_N_520___.aspx,0178BC,FFFFFF
CRTM,N21,CIBELES-ARROYO FRESNO,,http://www.crtm.es/tu-transporte-publico/autobuses-emt/lineas/6_N_521___.aspx,0178BC,FFFFFF
CRTM,N22,CIBELES-BARRIO DEL PILAR,,http://www.crtm.es/tu-transporte-publico/autobuses-emt/lineas/6_N_522___.aspx,0178BC,FFFFFF
CRTM,N23,CIBELES-MONTECARMELO,,http://www.crtm.es/tu-transporte-publico/autobuses-emt/lineas/6_N_523___.aspx,0178BC,FFFFFF
CRTM,N24,CIBELES-LAS TABLAS,,http://www.crtm.es/tu-transporte-publico/autobuses-emt/lineas/6_N_524___.aspx,0178BC,FFFFFF
CRTM,N25,ALONSO MARTINEZ-VILLA VALLECAS,,http://www.crtm.es/tu-transporte-publico/autobuses-emt/lineas/6_N_525___.aspx,0178BC,FFFFFF
CRTM,N26,ALONSO MARTINEZ-ALUCHE,,http://www.crtm.es/tu-transporte-publico/autobuses-emt/lineas/6_N_526___.aspx,0178BC,FFFFFF
CRTM,N27,CIBELES-AEROPUERTO,,http://www.crtm.es/tu-transporte-publico/autobuses-emt/lineas/6_N_527___.aspx,0178BC,FFFFFF
CRTM,N28,MONCLOA-ARAVACA,,http://www.crtm.es/tu-transporte-publico/autobuses-emt/lineas/6_N_528___.aspx,0178BC,FFFFFF
CRTM,SE702,PLAZA ELIPTICA-CEMENTERIO SUR,,http://www.crtm.es/tu-transporte-publico/autobuses-emt/lineas/6__702___.aspx,0178BC,FFFFFF
CRTM,SE704,PLAZA CASTILLA-CMTº FUENCARRAL,,http://www.crtm.es/tu-transporte-publico/autobuses-emt/lineas/6__704___.aspx,0178BC,FFFFFF
CRTM,SE710,PUERTA DE TOLEDO-ARGÜELLES,,http://www.crtm.es/tu-transporte-publico/autobuses-emt/lineas/.aspx,0178BC,FFFFFF
CRTM,SE711,ATOCHA RENFE-MONCLOA,,http://www.crtm.es/tu-transporte-publico/autobuses-emt/lineas/.aspx,0178BC,FFFFFF
CRTM,SE718,PUERTA ARGANDA-CAÑADA REAL,,http://www.crtm.es/tu-transporte-publico/autobuses-emt/lineas/6__718___.aspx,0178BC,FFFFFF
CRTM,SE721,CANILLEJAS-METROPOLITANO,,http://www.crtm.es/tu-transporte-publico/autobuses-emt/lineas/6__721___.aspx,0178BC,FFFFFF
CRTM,SE723,ALSACIA-CAÑAVERAL,,http://www.crtm.es/tu-transporte-publico/autobuses-emt/lineas/6__723___.aspx,0178BC,FFFFFF
CRTM,SE730,PRINCIPE PIO-PINAR DE SAN JOSE,,http://www.crtm.es/tu-transporte-publico/autobuses-emt/lineas/.aspx,0178BC,FFFFFF
CRTM,SE745,AVENIDA AMERICA-P. CHAMARTIN,,http://www.crtm.es/tu-transporte-publico/autobuses-emt/lineas/6__745___.aspx,0178BC,FFFFFF
CRTM,SE766,ATOCHA-POL.INDUSTRIAL VALLECAS,,http://www.crtm.es/tu-transporte-publico/autobuses-emt/lineas/.aspx,0178BC,FFFFFF
CRTM,T11,MAR DE CRISTAL-CRISTALIA,,http://www.crtm.es/tu-transporte-publico/autobuses-emt/lineas/6__451___.aspx,0178BC,FFFFFF
CRTM,T23,PUERTA ARGANDA-P.IND.VICALVARO,,http://www.crtm.es/tu-transporte-publico/autobuses-emt/lineas/6__452___.aspx,0178BC,FFFFFF
CRTM,T31,EST.EL POZO-SIERRA GUADALUPE,,http://www.crtm.es/tu-transporte-publico/autobuses-emt/lineas/6__454___.aspx,0178BC,FFFFFF
CRTM,T32,LEGAZPI-MERCAMADRID,,http://www.crtm.es/tu-transporte-publico/autobuses-emt/lineas/6__453___.aspx,0178BC,FFFFFF
CRTM,T41,VILLAVERDE ALTO-P.I.LA RESINA,,http://www.crtm.es/tu-transporte-publico/autobuses-emt/lineas/6__456___.aspx,0178BC,FFFFFF
CRTM,T61,ESTACION FUENCARRAL-LAS TABLAS,,http://www.crtm.es/tu-transporte-publico/autobuses-emt/lineas/6__455___.aspx,0178BC,FFFFFF
CRTM,T62,PLAZA CASTILLA-CHAMARTIN,,http://www.crtm.es/tu-transporte-publico/autobuses-emt/lineas/6__457___.aspx,0178BC,FFFFFF
CRTM,U,AVENIDA SENECA-PARANINFO,,http://www.crtm.es/tu-transporte-publico/autobuses-emt/lineas/6__99___.aspx,0178BC,FFFFFF